Numéro,Nom de Page,Lien image,Largeur,Longueur
1,plat supérieur,https://gallica.bnf.fr/iiif/ark:/12148/btv1b84259980/f1/full/full/0/native.jpg,4170,5707
2,contreplat sup.,https://gallica.bnf.fr/iiif/ark:/12148/btv1b84259980/f2/full/full/0/native.jpg,4104,5704
3,page de garde recto,https://gallica.bnf.fr/iiif/ark:/12148/btv1b84259980/f3/full/full/0/native.jpg,3927,5591
4,page de garde verso,https://gallica.bnf.fr/iiif/ark:/12148/btv1b84259980/f4/full/full/0/native.jpg,4037,5641
5,page de garde recto,https://gallica.bnf.fr/iiif/ark:/12148/btv1b84259980/f5/full/full/0/native.jpg,3927,5591
6,page de garde verso,https://gallica.bnf.fr/iiif/ark:/12148/btv1b84259980/f6/full/full/0/native.jpg,4037,5641
7,page de garde recto,https://gallica.bnf.fr/iiif/ark:/12148/btv1b84259980/f7/full/full/0/native.jpg,3927,5591
8,page de garde verso,https://gallica.bnf.fr/iiif/ark:/12148/btv1b84259980/f8/full/full/0/native.jpg,4025,5641
9,page de garde recto,https://gallica.bnf.fr/iiif/ark:/12148/btv1b84259980/f9/full/full/0/native.jpg,3907,5521
10,page de garde verso,https://gallica.bnf.fr/iiif/ark:/12148/btv1b84259980/f10/full/full/0/native.jpg,4025,5584
11,1r,https://gallica.bnf.fr/iiif/ark:/12148/btv1b84259980/f11/full/full/0/native.jpg,3816,5521
12,1v,https://gallica.bnf.fr/iiif/ark:/12148/btv1b84259980/f12/full/full/0/native.jpg,3872,5592
13,2r,https://gallica.bnf.fr/iiif/ark:/12148/btv1b84259980/f13/full/full/0/native.jpg,3820,5550
14,2v,https://gallica.bnf.fr/iiif/ark:/12148/btv1b84259980/f14/full/full/0/native.jpg,3872,5592
15,3r,https://gallica.bnf.fr/iiif/ark:/12148/btv1b84259980/f15/full/full/0/native.jpg,3820,5550
16,3v,https://gallica.bnf.fr/iiif/ark:/12148/btv1b84259980/f16/full/full/0/native.jpg,3904,5656
17,4r,https://gallica.bnf.fr/iiif/ark:/12148/btv1b84259980/f17/full/full/0/native.jpg,3820,5550
18,4v,https://gallica.bnf.fr/iiif/ark:/12148/btv1b84259980/f18/full/full/0/native.jpg,3892,5656
19,5r,https://gallica.bnf.fr/iiif/ark:/12148/btv1b84259980/f19/full/full/0/native.jpg,3820,5535
20,5v,https://gallica.bnf.fr/iiif/ark:/12148/btv1b84259980/f20/full/full/0/native.jpg,3904,5640
21,6r,https://gallica.bnf.fr/iiif/ark:/12148/btv1b84259980/f21/full/full/0/native.jpg,3805,5535
22,6v,https://gallica.bnf.fr/iiif/ark:/12148/btv1b84259980/f22/full/full/0/native.jpg,3904,5640
23,7r,https://gallica.bnf.fr/iiif/ark:/12148/btv1b84259980/f23/full/full/0/native.jpg,3805,5535
24,7v,https://gallica.bnf.fr/iiif/ark:/12148/btv1b84259980/f24/full/full/0/native.jpg,3889,5640
25,8r,https://gallica.bnf.fr/iiif/ark:/12148/btv1b84259980/f25/full/full/0/native.jpg,3805,5535
26,8v,https://gallica.bnf.fr/iiif/ark:/12148/btv1b84259980/f26/full/full/0/native.jpg,3889,5640
27,9r,https://gallica.bnf.fr/iiif/ark:/12148/btv1b84259980/f27/full/full/0/native.jpg,3805,5535
28,9v,https://gallica.bnf.fr/iiif/ark:/12148/btv1b84259980/f28/full/full/0/native.jpg,3873,5640
29,10r,https://gallica.bnf.fr/iiif/ark:/12148/btv1b84259980/f29/full/full/0/native.jpg,3831,5535
30,10v,https://gallica.bnf.fr/iiif/ark:/12148/btv1b84259980/f30/full/full/0/native.jpg,3873,5640
31,11r,https://gallica.bnf.fr/iiif/ark:/12148/btv1b84259980/f31/full/full/0/native.jpg,3831,5547
32,11v,https://gallica.bnf.fr/iiif/ark:/12148/btv1b84259980/f32/full/full/0/native.jpg,3873,5640
33,12r,https://gallica.bnf.fr/iiif/ark:/12148/btv1b84259980/f33/full/full/0/native.jpg,3831,5547
34,12v,https://gallica.bnf.fr/iiif/ark:/12148/btv1b84259980/f34/full/full/0/native.jpg,3848,5640
35,13r,https://gallica.bnf.fr/iiif/ark:/12148/btv1b84259980/f35/full/full/0/native.jpg,3831,5553
36,13v,https://gallica.bnf.fr/iiif/ark:/12148/btv1b84259980/f36/full/full/0/native.jpg,3873,5640
37,14r,https://gallica.bnf.fr/iiif/ark:/12148/btv1b84259980/f37/full/full/0/native.jpg,3817,5547
38,14v,https://gallica.bnf.fr/iiif/ark:/12148/btv1b84259980/f38/full/full/0/native.jpg,3825,5640
39,15r,https://gallica.bnf.fr/iiif/ark:/12148/btv1b84259980/f39/full/full/0/native.jpg,3817,5535
40,15v,https://gallica.bnf.fr/iiif/ark:/12148/btv1b84259980/f40/full/full/0/native.jpg,3842,5640
41,16r,https://gallica.bnf.fr/iiif/ark:/12148/btv1b84259980/f41/full/full/0/native.jpg,3798,5535
42,16v,https://gallica.bnf.fr/iiif/ark:/12148/btv1b84259980/f42/full/full/0/native.jpg,3842,5640
43,17r,https://gallica.bnf.fr/iiif/ark:/12148/btv1b84259980/f43/full/full/0/native.jpg,3798,5535
44,17v,https://gallica.bnf.fr/iiif/ark:/12148/btv1b84259980/f44/full/full/0/native.jpg,3836,5640
45,18r,https://gallica.bnf.fr/iiif/ark:/12148/btv1b84259980/f45/full/full/0/native.jpg,3799,5535
46,18v,https://gallica.bnf.fr/iiif/ark:/12148/btv1b84259980/f46/full/full/0/native.jpg,3836,5640
47,19r,https://gallica.bnf.fr/iiif/ark:/12148/btv1b84259980/f47/full/full/0/native.jpg,3835,5590
48,19v,https://gallica.bnf.fr/iiif/ark:/12148/btv1b84259980/f48/full/full/0/native.jpg,3869,5640
49,20r,https://gallica.bnf.fr/iiif/ark:/12148/btv1b84259980/f49/full/full/0/native.jpg,3835,5590
50,20v,https://gallica.bnf.fr/iiif/ark:/12148/btv1b84259980/f50/full/full/0/native.jpg,3869,5640
51,21r,https://gallica.bnf.fr/iiif/ark:/12148/btv1b84259980/f51/full/full/0/native.jpg,3835,5590
52,21v,https://gallica.bnf.fr/iiif/ark:/12148/btv1b84259980/f52/full/full/0/native.jpg,3823,5606
53,22r,https://gallica.bnf.fr/iiif/ark:/12148/btv1b84259980/f53/full/full/0/native.jpg,3835,5590
54,22v,https://gallica.bnf.fr/iiif/ark:/12148/btv1b84259980/f54/full/full/0/native.jpg,3797,5606
55,23r,https://gallica.bnf.fr/iiif/ark:/12148/btv1b84259980/f55/full/full/0/native.jpg,3835,5590
56,23v,https://gallica.bnf.fr/iiif/ark:/12148/btv1b84259980/f56/full/full/0/native.jpg,3806,5606
57,24r,https://gallica.bnf.fr/iiif/ark:/12148/btv1b84259980/f57/full/full/0/native.jpg,3809,5590
58,24v,https://gallica.bnf.fr/iiif/ark:/12148/btv1b84259980/f58/full/full/0/native.jpg,3806,5606
59,25r,https://gallica.bnf.fr/iiif/ark:/12148/btv1b84259980/f59/full/full/0/native.jpg,3809,5590
60,25v,https://gallica.bnf.fr/iiif/ark:/12148/btv1b84259980/f60/full/full/0/native.jpg,3867,5589
61,26r,https://gallica.bnf.fr/iiif/ark:/12148/btv1b84259980/f61/full/full/0/native.jpg,3792,5576
62,26v,https://gallica.bnf.fr/iiif/ark:/12148/btv1b84259980/f62/full/full/0/native.jpg,3842,5589
63,27r,https://gallica.bnf.fr/iiif/ark:/12148/btv1b84259980/f63/full/full/0/native.jpg,3792,5591
64,27v,https://gallica.bnf.fr/iiif/ark:/12148/btv1b84259980/f64/full/full/0/native.jpg,3793,5606
65,28r,https://gallica.bnf.fr/iiif/ark:/12148/btv1b84259980/f65/full/full/0/native.jpg,3792,5599
66,28v,https://gallica.bnf.fr/iiif/ark:/12148/btv1b84259980/f66/full/full/0/native.jpg,3816,5606
67,29r,https://gallica.bnf.fr/iiif/ark:/12148/btv1b84259980/f67/full/full/0/native.jpg,3829,5599
68,29v,https://gallica.bnf.fr/iiif/ark:/12148/btv1b84259980/f68/full/full/0/native.jpg,3830,5606
69,30r,https://gallica.bnf.fr/iiif/ark:/12148/btv1b84259980/f69/full/full/0/native.jpg,3829,5599
70,30v,https://gallica.bnf.fr/iiif/ark:/12148/btv1b84259980/f70/full/full/0/native.jpg,3808,5606
71,31r,https://gallica.bnf.fr/iiif/ark:/12148/btv1b84259980/f71/full/full/0/native.jpg,3829,5599
72,31v,https://gallica.bnf.fr/iiif/ark:/12148/btv1b84259980/f72/full/full/0/native.jpg,3808,5606
73,32r,https://gallica.bnf.fr/iiif/ark:/12148/btv1b84259980/f73/full/full/0/native.jpg,3829,5599
74,32v,https://gallica.bnf.fr/iiif/ark:/12148/btv1b84259980/f74/full/full/0/native.jpg,3808,5606
75,33r,https://gallica.bnf.fr/iiif/ark:/12148/btv1b84259980/f75/full/full/0/native.jpg,3792,5596
76,33v,https://gallica.bnf.fr/iiif/ark:/12148/btv1b84259980/f76/full/full/0/native.jpg,3808,5606
77,34r,https://gallica.bnf.fr/iiif/ark:/12148/btv1b84259980/f77/full/full/0/native.jpg,3792,5596
78,34v,https://gallica.bnf.fr/iiif/ark:/12148/btv1b84259980/f78/full/full/0/native.jpg,3840,5600
79,35r,https://gallica.bnf.fr/iiif/ark:/12148/btv1b84259980/f79/full/full/0/native.jpg,3837,5651
80,35v,https://gallica.bnf.fr/iiif/ark:/12148/btv1b84259980/f80/full/full/0/native.jpg,3840,5600
81,36r,https://gallica.bnf.fr/iiif/ark:/12148/btv1b84259980/f81/full/full/0/native.jpg,3837,5651
82,36v,https://gallica.bnf.fr/iiif/ark:/12148/btv1b84259980/f82/full/full/0/native.jpg,3840,5600
83,37r,https://gallica.bnf.fr/iiif/ark:/12148/btv1b84259980/f83/full/full/0/native.jpg,3852,5651
84,37v,https://gallica.bnf.fr/iiif/ark:/12148/btv1b84259980/f84/full/full/0/native.jpg,3840,5600
85,38r,https://gallica.bnf.fr/iiif/ark:/12148/btv1b84259980/f85/full/full/0/native.jpg,3835,5651
86,38v,https://gallica.bnf.fr/iiif/ark:/12148/btv1b84259980/f86/full/full/0/native.jpg,3809,5600
87,39r,https://gallica.bnf.fr/iiif/ark:/12148/btv1b84259980/f87/full/full/0/native.jpg,3835,5651
88,39v,https://gallica.bnf.fr/iiif/ark:/12148/btv1b84259980/f88/full/full/0/native.jpg,3809,5600
89,40r,https://gallica.bnf.fr/iiif/ark:/12148/btv1b84259980/f89/full/full/0/native.jpg,3818,5651
90,40v,https://gallica.bnf.fr/iiif/ark:/12148/btv1b84259980/f90/full/full/0/native.jpg,3809,5600
91,41r,https://gallica.bnf.fr/iiif/ark:/12148/btv1b84259980/f91/full/full/0/native.jpg,3818,5651
92,41v,https://gallica.bnf.fr/iiif/ark:/12148/btv1b84259980/f92/full/full/0/native.jpg,3809,5616
93,42r,https://gallica.bnf.fr/iiif/ark:/12148/btv1b84259980/f93/full/full/0/native.jpg,3818,5651
94,42v,https://gallica.bnf.fr/iiif/ark:/12148/btv1b84259980/f94/full/full/0/native.jpg,3809,5616
95,43r,https://gallica.bnf.fr/iiif/ark:/12148/btv1b84259980/f95/full/full/0/native.jpg,3818,5651
96,43v,https://gallica.bnf.fr/iiif/ark:/12148/btv1b84259980/f96/full/full/0/native.jpg,3831,5616
97,44r,https://gallica.bnf.fr/iiif/ark:/12148/btv1b84259980/f97/full/full/0/native.jpg,3836,5636
98,44v,https://gallica.bnf.fr/iiif/ark:/12148/btv1b84259980/f98/full/full/0/native.jpg,3823,5616
99,45r,https://gallica.bnf.fr/iiif/ark:/12148/btv1b84259980/f99/full/full/0/native.jpg,3836,5636
100,45v,https://gallica.bnf.fr/iiif/ark:/12148/btv1b84259980/f100/full/full/0/native.jpg,3797,5616
101,46r,https://gallica.bnf.fr/iiif/ark:/12148/btv1b84259980/f101/full/full/0/native.jpg,3883,5636
102,46v,https://gallica.bnf.fr/iiif/ark:/12148/btv1b84259980/f102/full/full/0/native.jpg,3805,5616
103,47r,https://gallica.bnf.fr/iiif/ark:/12148/btv1b84259980/f103/full/full/0/native.jpg,3883,5636
104,47v,https://gallica.bnf.fr/iiif/ark:/12148/btv1b84259980/f104/full/full/0/native.jpg,3805,5616
105,48r,https://gallica.bnf.fr/iiif/ark:/12148/btv1b84259980/f105/full/full/0/native.jpg,3883,5636
106,48v,https://gallica.bnf.fr/iiif/ark:/12148/btv1b84259980/f106/full/full/0/native.jpg,3805,5616
107,49r,https://gallica.bnf.fr/iiif/ark:/12148/btv1b84259980/f107/full/full/0/native.jpg,3860,5647
108,49v,https://gallica.bnf.fr/iiif/ark:/12148/btv1b84259980/f108/full/full/0/native.jpg,3808,5634
109,50r,https://gallica.bnf.fr/iiif/ark:/12148/btv1b84259980/f109/full/full/0/native.jpg,3860,5647
110,50v,https://gallica.bnf.fr/iiif/ark:/12148/btv1b84259980/f110/full/full/0/native.jpg,3853,5634
111,51r,https://gallica.bnf.fr/iiif/ark:/12148/btv1b84259980/f111/full/full/0/native.jpg,3860,5647
112,51v,https://gallica.bnf.fr/iiif/ark:/12148/btv1b84259980/f112/full/full/0/native.jpg,3805,5634
113,52r,https://gallica.bnf.fr/iiif/ark:/12148/btv1b84259980/f113/full/full/0/native.jpg,3860,5647
114,52v,https://gallica.bnf.fr/iiif/ark:/12148/btv1b84259980/f114/full/full/0/native.jpg,3805,5634
115,53r,https://gallica.bnf.fr/iiif/ark:/12148/btv1b84259980/f115/full/full/0/native.jpg,3860,5647
116,53v,https://gallica.bnf.fr/iiif/ark:/12148/btv1b84259980/f116/full/full/0/native.jpg,3805,5634
117,54r,https://gallica.bnf.fr/iiif/ark:/12148/btv1b84259980/f117/full/full/0/native.jpg,3860,5647
118,54v,https://gallica.bnf.fr/iiif/ark:/12148/btv1b84259980/f118/full/full/0/native.jpg,3805,5634
119,55r,https://gallica.bnf.fr/iiif/ark:/12148/btv1b84259980/f119/full/full/0/native.jpg,3818,5647
120,55v,https://gallica.bnf.fr/iiif/ark:/12148/btv1b84259980/f120/full/full/0/native.jpg,3805,5634
121,56r,https://gallica.bnf.fr/iiif/ark:/12148/btv1b84259980/f121/full/full/0/native.jpg,3818,5647
122,56v,https://gallica.bnf.fr/iiif/ark:/12148/btv1b84259980/f122/full/full/0/native.jpg,3805,5621
123,57r,https://gallica.bnf.fr/iiif/ark:/12148/btv1b84259980/f123/full/full/0/native.jpg,3843,5647
124,57v,https://gallica.bnf.fr/iiif/ark:/12148/btv1b84259980/f124/full/full/0/native.jpg,3792,5590
125,58r,https://gallica.bnf.fr/iiif/ark:/12148/btv1b84259980/f125/full/full/0/native.jpg,3843,5647
126,58v,https://gallica.bnf.fr/iiif/ark:/12148/btv1b84259980/f126/full/full/0/native.jpg,3793,5590
127,59r,https://gallica.bnf.fr/iiif/ark:/12148/btv1b84259980/f127/full/full/0/native.jpg,3843,5647
128,59v,https://gallica.bnf.fr/iiif/ark:/12148/btv1b84259980/f128/full/full/0/native.jpg,3800,5605
129,60r,https://gallica.bnf.fr/iiif/ark:/12148/btv1b84259980/f129/full/full/0/native.jpg,3820,5647
130,60v,https://gallica.bnf.fr/iiif/ark:/12148/btv1b84259980/f130/full/full/0/native.jpg,3800,5605
131,61r,https://gallica.bnf.fr/iiif/ark:/12148/btv1b84259980/f131/full/full/0/native.jpg,3820,5647
132,61v,https://gallica.bnf.fr/iiif/ark:/12148/btv1b84259980/f132/full/full/0/native.jpg,3813,5605
133,62r,https://gallica.bnf.fr/iiif/ark:/12148/btv1b84259980/f133/full/full/0/native.jpg,3837,5647
134,62v,https://gallica.bnf.fr/iiif/ark:/12148/btv1b84259980/f134/full/full/0/native.jpg,3813,5605
135,63r,https://gallica.bnf.fr/iiif/ark:/12148/btv1b84259980/f135/full/full/0/native.jpg,3822,5647
136,63v,https://gallica.bnf.fr/iiif/ark:/12148/btv1b84259980/f136/full/full/0/native.jpg,3813,5605
137,64r,https://gallica.bnf.fr/iiif/ark:/12148/btv1b84259980/f137/full/full/0/native.jpg,3798,5647
138,64v,https://gallica.bnf.fr/iiif/ark:/12148/btv1b84259980/f138/full/full/0/native.jpg,3757,5630
139,65r,https://gallica.bnf.fr/iiif/ark:/12148/btv1b84259980/f139/full/full/0/native.jpg,3807,5635
140,65v,https://gallica.bnf.fr/iiif/ark:/12148/btv1b84259980/f140/full/full/0/native.jpg,3757,5630
141,66r,https://gallica.bnf.fr/iiif/ark:/12148/btv1b84259980/f141/full/full/0/native.jpg,3807,5635
142,66v,https://gallica.bnf.fr/iiif/ark:/12148/btv1b84259980/f142/full/full/0/native.jpg,3850,5615
143,67r,https://gallica.bnf.fr/iiif/ark:/12148/btv1b84259980/f143/full/full/0/native.jpg,3807,5635
144,67v,https://gallica.bnf.fr/iiif/ark:/12148/btv1b84259980/f144/full/full/0/native.jpg,3788,5624
145,68r,https://gallica.bnf.fr/iiif/ark:/12148/btv1b84259980/f145/full/full/0/native.jpg,3816,5635
146,68v,https://gallica.bnf.fr/iiif/ark:/12148/btv1b84259980/f146/full/full/0/native.jpg,3780,5624
147,69r,https://gallica.bnf.fr/iiif/ark:/12148/btv1b84259980/f147/full/full/0/native.jpg,3801,5595
148,69v,https://gallica.bnf.fr/iiif/ark:/12148/btv1b84259980/f148/full/full/0/native.jpg,3780,5624
149,70r,https://gallica.bnf.fr/iiif/ark:/12148/btv1b84259980/f149/full/full/0/native.jpg,3801,5595
150,70v,https://gallica.bnf.fr/iiif/ark:/12148/btv1b84259980/f150/full/full/0/native.jpg,3827,5641
151,71r,https://gallica.bnf.fr/iiif/ark:/12148/btv1b84259980/f151/full/full/0/native.jpg,3828,5621
152,71v,https://gallica.bnf.fr/iiif/ark:/12148/btv1b84259980/f152/full/full/0/native.jpg,3854,5641
153,72r,https://gallica.bnf.fr/iiif/ark:/12148/btv1b84259980/f153/full/full/0/native.jpg,3828,5621
154,72v,https://gallica.bnf.fr/iiif/ark:/12148/btv1b84259980/f154/full/full/0/native.jpg,3854,5641
155,73r,https://gallica.bnf.fr/iiif/ark:/12148/btv1b84259980/f155/full/full/0/native.jpg,3793,5621
156,73v,https://gallica.bnf.fr/iiif/ark:/12148/btv1b84259980/f156/full/full/0/native.jpg,3854,5641
157,74r,https://gallica.bnf.fr/iiif/ark:/12148/btv1b84259980/f157/full/full/0/native.jpg,3785,5621
158,74v,https://gallica.bnf.fr/iiif/ark:/12148/btv1b84259980/f158/full/full/0/native.jpg,3821,5641
159,75r,https://gallica.bnf.fr/iiif/ark:/12148/btv1b84259980/f159/full/full/0/native.jpg,3785,5621
160,75v,https://gallica.bnf.fr/iiif/ark:/12148/btv1b84259980/f160/full/full/0/native.jpg,3821,5641
161,76r,https://gallica.bnf.fr/iiif/ark:/12148/btv1b84259980/f161/full/full/0/native.jpg,3748,5621
162,76v,https://gallica.bnf.fr/iiif/ark:/12148/btv1b84259980/f162/full/full/0/native.jpg,3786,5620
163,77r,https://gallica.bnf.fr/iiif/ark:/12148/btv1b84259980/f163/full/full/0/native.jpg,3817,5621
164,77v,https://gallica.bnf.fr/iiif/ark:/12148/btv1b84259980/f164/full/full/0/native.jpg,3828,5620
165,78r,https://gallica.bnf.fr/iiif/ark:/12148/btv1b84259980/f165/full/full/0/native.jpg,3804,5621
166,78v,https://gallica.bnf.fr/iiif/ark:/12148/btv1b84259980/f166/full/full/0/native.jpg,3828,5620
167,79r,https://gallica.bnf.fr/iiif/ark:/12148/btv1b84259980/f167/full/full/0/native.jpg,3857,5646
168,79v,https://gallica.bnf.fr/iiif/ark:/12148/btv1b84259980/f168/full/full/0/native.jpg,3828,5620
169,80r,https://gallica.bnf.fr/iiif/ark:/12148/btv1b84259980/f169/full/full/0/native.jpg,3857,5646
170,80v,https://gallica.bnf.fr/iiif/ark:/12148/btv1b84259980/f170/full/full/0/native.jpg,3828,5620
171,81r,https://gallica.bnf.fr/iiif/ark:/12148/btv1b84259980/f171/full/full/0/native.jpg,3857,5646
172,81v,https://gallica.bnf.fr/iiif/ark:/12148/btv1b84259980/f172/full/full/0/native.jpg,3828,5620
173,82r,https://gallica.bnf.fr/iiif/ark:/12148/btv1b84259980/f173/full/full/0/native.jpg,3844,5646
174,82v,https://gallica.bnf.fr/iiif/ark:/12148/btv1b84259980/f174/full/full/0/native.jpg,3828,5620
175,83r,https://gallica.bnf.fr/iiif/ark:/12148/btv1b84259980/f175/full/full/0/native.jpg,3836,5646
176,83v,https://gallica.bnf.fr/iiif/ark:/12148/btv1b84259980/f176/full/full/0/native.jpg,3792,5624
177,84r,https://gallica.bnf.fr/iiif/ark:/12148/btv1b84259980/f177/full/full/0/native.jpg,3836,5646
178,84v,https://gallica.bnf.fr/iiif/ark:/12148/btv1b84259980/f178/full/full/0/native.jpg,3800,5608
179,85r,https://gallica.bnf.fr/iiif/ark:/12148/btv1b84259980/f179/full/full/0/native.jpg,3836,5646
180,85v,https://gallica.bnf.fr/iiif/ark:/12148/btv1b84259980/f180/full/full/0/native.jpg,3835,5600
181,86r,https://gallica.bnf.fr/iiif/ark:/12148/btv1b84259980/f181/full/full/0/native.jpg,3836,5646
182,86v,https://gallica.bnf.fr/iiif/ark:/12148/btv1b84259980/f182/full/full/0/native.jpg,3808,5632
183,87r,https://gallica.bnf.fr/iiif/ark:/12148/btv1b84259980/f183/full/full/0/native.jpg,3810,5617
184,87v,https://gallica.bnf.fr/iiif/ark:/12148/btv1b84259980/f184/full/full/0/native.jpg,3803,5616
185,88r,https://gallica.bnf.fr/iiif/ark:/12148/btv1b84259980/f185/full/full/0/native.jpg,3825,5652
186,88v,https://gallica.bnf.fr/iiif/ark:/12148/btv1b84259980/f186/full/full/0/native.jpg,3803,5616
187,89r,https://gallica.bnf.fr/iiif/ark:/12148/btv1b84259980/f187/full/full/0/native.jpg,3852,5652
188,89v,https://gallica.bnf.fr/iiif/ark:/12148/btv1b84259980/f188/full/full/0/native.jpg,3803,5616
189,90r,https://gallica.bnf.fr/iiif/ark:/12148/btv1b84259980/f189/full/full/0/native.jpg,3825,5652
190,90v,https://gallica.bnf.fr/iiif/ark:/12148/btv1b84259980/f190/full/full/0/native.jpg,3803,5616
191,91r,https://gallica.bnf.fr/iiif/ark:/12148/btv1b84259980/f191/full/full/0/native.jpg,3825,5652
192,91v,https://gallica.bnf.fr/iiif/ark:/12148/btv1b84259980/f192/full/full/0/native.jpg,3803,5616
193,92r,https://gallica.bnf.fr/iiif/ark:/12148/btv1b84259980/f193/full/full/0/native.jpg,3825,5652
194,92v,https://gallica.bnf.fr/iiif/ark:/12148/btv1b84259980/f194/full/full/0/native.jpg,3803,5616
195,93r,https://gallica.bnf.fr/iiif/ark:/12148/btv1b84259980/f195/full/full/0/native.jpg,3844,5652
196,93v,https://gallica.bnf.fr/iiif/ark:/12148/btv1b84259980/f196/full/full/0/native.jpg,3772,5616
197,94r,https://gallica.bnf.fr/iiif/ark:/12148/btv1b84259980/f197/full/full/0/native.jpg,3821,5652
198,94v,https://gallica.bnf.fr/iiif/ark:/12148/btv1b84259980/f198/full/full/0/native.jpg,3775,5616
199,95r,https://gallica.bnf.fr/iiif/ark:/12148/btv1b84259980/f199/full/full/0/native.jpg,3838,5634
200,95v,https://gallica.bnf.fr/iiif/ark:/12148/btv1b84259980/f200/full/full/0/native.jpg,3752,5597
201,96r,https://gallica.bnf.fr/iiif/ark:/12148/btv1b84259980/f201/full/full/0/native.jpg,3838,5634
202,96v,https://gallica.bnf.fr/iiif/ark:/12148/btv1b84259980/f202/full/full/0/native.jpg,3832,5584
203,97r,https://gallica.bnf.fr/iiif/ark:/12148/btv1b84259980/f203/full/full/0/native.jpg,3838,5634
204,97v,https://gallica.bnf.fr/iiif/ark:/12148/btv1b84259980/f204/full/full/0/native.jpg,3832,5584
205,98r,https://gallica.bnf.fr/iiif/ark:/12148/btv1b84259980/f205/full/full/0/native.jpg,3838,5634
206,98v,https://gallica.bnf.fr/iiif/ark:/12148/btv1b84259980/f206/full/full/0/native.jpg,3832,5584
207,99r,https://gallica.bnf.fr/iiif/ark:/12148/btv1b84259980/f207/full/full/0/native.jpg,3807,5634
208,99v,https://gallica.bnf.fr/iiif/ark:/12148/btv1b84259980/f208/full/full/0/native.jpg,3832,5584
209,100r,https://gallica.bnf.fr/iiif/ark:/12148/btv1b84259980/f209/full/full/0/native.jpg,3807,5634
210,100v,https://gallica.bnf.fr/iiif/ark:/12148/btv1b84259980/f210/full/full/0/native.jpg,3832,5584
211,101r,https://gallica.bnf.fr/iiif/ark:/12148/btv1b84259980/f211/full/full/0/native.jpg,3807,5634
212,101v,https://gallica.bnf.fr/iiif/ark:/12148/btv1b84259980/f212/full/full/0/native.jpg,3832,5584
213,102r,https://gallica.bnf.fr/iiif/ark:/12148/btv1b84259980/f213/full/full/0/native.jpg,3807,5634
214,102v,https://gallica.bnf.fr/iiif/ark:/12148/btv1b84259980/f214/full/full/0/native.jpg,3832,5584
215,103r,https://gallica.bnf.fr/iiif/ark:/12148/btv1b84259980/f215/full/full/0/native.jpg,3812,5634
216,103v,https://gallica.bnf.fr/iiif/ark:/12148/btv1b84259980/f216/full/full/0/native.jpg,3832,5584
217,104r,https://gallica.bnf.fr/iiif/ark:/12148/btv1b84259980/f217/full/full/0/native.jpg,3812,5634
218,104v,https://gallica.bnf.fr/iiif/ark:/12148/btv1b84259980/f218/full/full/0/native.jpg,3832,5584
219,105r,https://gallica.bnf.fr/iiif/ark:/12148/btv1b84259980/f219/full/full/0/native.jpg,3812,5634
220,105v,https://gallica.bnf.fr/iiif/ark:/12148/btv1b84259980/f220/full/full/0/native.jpg,3832,5584
221,106r,https://gallica.bnf.fr/iiif/ark:/12148/btv1b84259980/f221/full/full/0/native.jpg,3812,5634
222,106v,https://gallica.bnf.fr/iiif/ark:/12148/btv1b84259980/f222/full/full/0/native.jpg,3832,5592
223,107r,https://gallica.bnf.fr/iiif/ark:/12148/btv1b84259980/f223/full/full/0/native.jpg,3857,5678
224,107v,https://gallica.bnf.fr/iiif/ark:/12148/btv1b84259980/f224/full/full/0/native.jpg,3832,5592
225,108r,https://gallica.bnf.fr/iiif/ark:/12148/btv1b84259980/f225/full/full/0/native.jpg,3857,5678
226,108v,https://gallica.bnf.fr/iiif/ark:/12148/btv1b84259980/f226/full/full/0/native.jpg,3832,5592
227,109r,https://gallica.bnf.fr/iiif/ark:/12148/btv1b84259980/f227/full/full/0/native.jpg,3857,5678
228,109v,https://gallica.bnf.fr/iiif/ark:/12148/btv1b84259980/f228/full/full/0/native.jpg,3857,5592
229,110r,https://gallica.bnf.fr/iiif/ark:/12148/btv1b84259980/f229/full/full/0/native.jpg,3857,5678
230,110v,https://gallica.bnf.fr/iiif/ark:/12148/btv1b84259980/f230/full/full/0/native.jpg,3825,5616
231,111r,https://gallica.bnf.fr/iiif/ark:/12148/btv1b84259980/f231/full/full/0/native.jpg,3857,5655
232,111v,https://gallica.bnf.fr/iiif/ark:/12148/btv1b84259980/f232/full/full/0/native.jpg,3825,5616
233,112r,https://gallica.bnf.fr/iiif/ark:/12148/btv1b84259980/f233/full/full/0/native.jpg,3857,5672
234,112v,https://gallica.bnf.fr/iiif/ark:/12148/btv1b84259980/f234/full/full/0/native.jpg,3825,5616
235,113r,https://gallica.bnf.fr/iiif/ark:/12148/btv1b84259980/f235/full/full/0/native.jpg,3850,5644
236,113v,https://gallica.bnf.fr/iiif/ark:/12148/btv1b84259980/f236/full/full/0/native.jpg,3796,5650
237,114r,https://gallica.bnf.fr/iiif/ark:/12148/btv1b84259980/f237/full/full/0/native.jpg,3828,5658
238,114v,https://gallica.bnf.fr/iiif/ark:/12148/btv1b84259980/f238/full/full/0/native.jpg,3840,5625
239,115r,https://gallica.bnf.fr/iiif/ark:/12148/btv1b84259980/f239/full/full/0/native.jpg,3828,5658
240,115v,https://gallica.bnf.fr/iiif/ark:/12148/btv1b84259980/f240/full/full/0/native.jpg,3844,5607
241,116r,https://gallica.bnf.fr/iiif/ark:/12148/btv1b84259980/f241/full/full/0/native.jpg,3828,5658
242,116v,https://gallica.bnf.fr/iiif/ark:/12148/btv1b84259980/f242/full/full/0/native.jpg,3844,5634
243,117r,https://gallica.bnf.fr/iiif/ark:/12148/btv1b84259980/f243/full/full/0/native.jpg,3828,5658
244,117v,https://gallica.bnf.fr/iiif/ark:/12148/btv1b84259980/f244/full/full/0/native.jpg,3830,5614
245,118r,https://gallica.bnf.fr/iiif/ark:/12148/btv1b84259980/f245/full/full/0/native.jpg,3828,5658
246,118v,https://gallica.bnf.fr/iiif/ark:/12148/btv1b84259980/f246/full/full/0/native.jpg,3830,5614
247,119r,https://gallica.bnf.fr/iiif/ark:/12148/btv1b84259980/f247/full/full/0/native.jpg,3799,5658
248,119v,https://gallica.bnf.fr/iiif/ark:/12148/btv1b84259980/f248/full/full/0/native.jpg,3830,5614
249,120r,https://gallica.bnf.fr/iiif/ark:/12148/btv1b84259980/f249/full/full/0/native.jpg,3842,5658
250,120v,https://gallica.bnf.fr/iiif/ark:/12148/btv1b84259980/f250/full/full/0/native.jpg,3830,5614
251,121r,https://gallica.bnf.fr/iiif/ark:/12148/btv1b84259980/f251/full/full/0/native.jpg,3842,5658
252,121v,https://gallica.bnf.fr/iiif/ark:/12148/btv1b84259980/f252/full/full/0/native.jpg,3830,5641
253,122r,https://gallica.bnf.fr/iiif/ark:/12148/btv1b84259980/f253/full/full/0/native.jpg,3823,5658
254,122v,https://gallica.bnf.fr/iiif/ark:/12148/btv1b84259980/f254/full/full/0/native.jpg,3801,5631
255,123r,https://gallica.bnf.fr/iiif/ark:/12148/btv1b84259980/f255/full/full/0/native.jpg,3823,5658
256,123v,https://gallica.bnf.fr/iiif/ark:/12148/btv1b84259980/f256/full/full/0/native.jpg,3800,5596
257,124r,https://gallica.bnf.fr/iiif/ark:/12148/btv1b84259980/f257/full/full/0/native.jpg,3823,5658
258,124v,https://gallica.bnf.fr/iiif/ark:/12148/btv1b84259980/f258/full/full/0/native.jpg,3800,5596
259,125r,https://gallica.bnf.fr/iiif/ark:/12148/btv1b84259980/f259/full/full/0/native.jpg,3823,5658
260,125v,https://gallica.bnf.fr/iiif/ark:/12148/btv1b84259980/f260/full/full/0/native.jpg,3800,5596
261,126r,https://gallica.bnf.fr/iiif/ark:/12148/btv1b84259980/f261/full/full/0/native.jpg,3823,5658
262,126v,https://gallica.bnf.fr/iiif/ark:/12148/btv1b84259980/f262/full/full/0/native.jpg,3800,5596
263,127r,https://gallica.bnf.fr/iiif/ark:/12148/btv1b84259980/f263/full/full/0/native.jpg,3823,5658
264,127v,https://gallica.bnf.fr/iiif/ark:/12148/btv1b84259980/f264/full/full/0/native.jpg,3782,5610
265,128r,https://gallica.bnf.fr/iiif/ark:/12148/btv1b84259980/f265/full/full/0/native.jpg,3836,5658
266,128v,https://gallica.bnf.fr/iiif/ark:/12148/btv1b84259980/f266/full/full/0/native.jpg,3782,5610
267,129r,https://gallica.bnf.fr/iiif/ark:/12148/btv1b84259980/f267/full/full/0/native.jpg,3836,5622
268,129v,https://gallica.bnf.fr/iiif/ark:/12148/btv1b84259980/f268/full/full/0/native.jpg,3782,5590
269,130r,https://gallica.bnf.fr/iiif/ark:/12148/btv1b84259980/f269/full/full/0/native.jpg,3836,5622
270,130v,https://gallica.bnf.fr/iiif/ark:/12148/btv1b84259980/f270/full/full/0/native.jpg,3782,5610
271,131r,https://gallica.bnf.fr/iiif/ark:/12148/btv1b84259980/f271/full/full/0/native.jpg,3836,5622
272,131v,https://gallica.bnf.fr/iiif/ark:/12148/btv1b84259980/f272/full/full/0/native.jpg,3810,5610
273,132r,https://gallica.bnf.fr/iiif/ark:/12148/btv1b84259980/f273/full/full/0/native.jpg,3836,5622
274,132v,https://gallica.bnf.fr/iiif/ark:/12148/btv1b84259980/f274/full/full/0/native.jpg,3810,5610
275,133r,https://gallica.bnf.fr/iiif/ark:/12148/btv1b84259980/f275/full/full/0/native.jpg,3836,5622
276,133v,https://gallica.bnf.fr/iiif/ark:/12148/btv1b84259980/f276/full/full/0/native.jpg,3810,5610
277,134r,https://gallica.bnf.fr/iiif/ark:/12148/btv1b84259980/f277/full/full/0/native.jpg,3836,5622
278,134v,https://gallica.bnf.fr/iiif/ark:/12148/btv1b84259980/f278/full/full/0/native.jpg,3810,5610
279,135r,https://gallica.bnf.fr/iiif/ark:/12148/btv1b84259980/f279/full/full/0/native.jpg,3809,5622
280,135v,https://gallica.bnf.fr/iiif/ark:/12148/btv1b84259980/f280/full/full/0/native.jpg,3833,5571
281,136r,https://gallica.bnf.fr/iiif/ark:/12148/btv1b84259980/f281/full/full/0/native.jpg,3832,5622
282,136v,https://gallica.bnf.fr/iiif/ark:/12148/btv1b84259980/f282/full/full/0/native.jpg,3802,5580
283,137r,https://gallica.bnf.fr/iiif/ark:/12148/btv1b84259980/f283/full/full/0/native.jpg,3782,5622
284,137v,https://gallica.bnf.fr/iiif/ark:/12148/btv1b84259980/f284/full/full/0/native.jpg,3802,5580
285,138r,https://gallica.bnf.fr/iiif/ark:/12148/btv1b84259980/f285/full/full/0/native.jpg,3862,5647
286,138v,https://gallica.bnf.fr/iiif/ark:/12148/btv1b84259980/f286/full/full/0/native.jpg,3796,5593
287,139r,https://gallica.bnf.fr/iiif/ark:/12148/btv1b84259980/f287/full/full/0/native.jpg,3862,5675
288,139v,https://gallica.bnf.fr/iiif/ark:/12148/btv1b84259980/f288/full/full/0/native.jpg,3796,5593
289,140r,https://gallica.bnf.fr/iiif/ark:/12148/btv1b84259980/f289/full/full/0/native.jpg,3862,5675
290,140v,https://gallica.bnf.fr/iiif/ark:/12148/btv1b84259980/f290/full/full/0/native.jpg,3796,5593
291,141r,https://gallica.bnf.fr/iiif/ark:/12148/btv1b84259980/f291/full/full/0/native.jpg,3862,5675
292,141v,https://gallica.bnf.fr/iiif/ark:/12148/btv1b84259980/f292/full/full/0/native.jpg,3796,5609
293,142r,https://gallica.bnf.fr/iiif/ark:/12148/btv1b84259980/f293/full/full/0/native.jpg,3862,5675
294,142v,https://gallica.bnf.fr/iiif/ark:/12148/btv1b84259980/f294/full/full/0/native.jpg,3796,5609
295,143r,https://gallica.bnf.fr/iiif/ark:/12148/btv1b84259980/f295/full/full/0/native.jpg,3862,5675
296,143v,https://gallica.bnf.fr/iiif/ark:/12148/btv1b84259980/f296/full/full/0/native.jpg,3796,5609
297,144r,https://gallica.bnf.fr/iiif/ark:/12148/btv1b84259980/f297/full/full/0/native.jpg,3850,5675
298,144v,https://gallica.bnf.fr/iiif/ark:/12148/btv1b84259980/f298/full/full/0/native.jpg,3815,5609
299,145r,https://gallica.bnf.fr/iiif/ark:/12148/btv1b84259980/f299/full/full/0/native.jpg,3839,5654
300,145v,https://gallica.bnf.fr/iiif/ark:/12148/btv1b84259980/f300/full/full/0/native.jpg,3815,5609
301,146r,https://gallica.bnf.fr/iiif/ark:/12148/btv1b84259980/f301/full/full/0/native.jpg,3839,5654
302,146v,https://gallica.bnf.fr/iiif/ark:/12148/btv1b84259980/f302/full/full/0/native.jpg,3815,5609
303,147r,https://gallica.bnf.fr/iiif/ark:/12148/btv1b84259980/f303/full/full/0/native.jpg,3839,5654
304,147v,https://gallica.bnf.fr/iiif/ark:/12148/btv1b84259980/f304/full/full/0/native.jpg,3815,5609
305,148r,https://gallica.bnf.fr/iiif/ark:/12148/btv1b84259980/f305/full/full/0/native.jpg,3839,5654
306,148v,https://gallica.bnf.fr/iiif/ark:/12148/btv1b84259980/f306/full/full/0/native.jpg,3815,5609
307,149r,https://gallica.bnf.fr/iiif/ark:/12148/btv1b84259980/f307/full/full/0/native.jpg,3839,5654
308,149v,https://gallica.bnf.fr/iiif/ark:/12148/btv1b84259980/f308/full/full/0/native.jpg,3836,5588
309,150r,https://gallica.bnf.fr/iiif/ark:/12148/btv1b84259980/f309/full/full/0/native.jpg,3839,5654
310,150v,https://gallica.bnf.fr/iiif/ark:/12148/btv1b84259980/f310/full/full/0/native.jpg,3836,5588
311,151r,https://gallica.bnf.fr/iiif/ark:/12148/btv1b84259980/f311/full/full/0/native.jpg,3839,5654
312,151v,https://gallica.bnf.fr/iiif/ark:/12148/btv1b84259980/f312/full/full/0/native.jpg,3801,5588
313,152r,https://gallica.bnf.fr/iiif/ark:/12148/btv1b84259980/f313/full/full/0/native.jpg,3839,5654
314,152v,https://gallica.bnf.fr/iiif/ark:/12148/btv1b84259980/f314/full/full/0/native.jpg,3801,5588
315,153r,https://gallica.bnf.fr/iiif/ark:/12148/btv1b84259980/f315/full/full/0/native.jpg,3839,5654
316,153v,https://gallica.bnf.fr/iiif/ark:/12148/btv1b84259980/f316/full/full/0/native.jpg,3801,5588
317,154r,https://gallica.bnf.fr/iiif/ark:/12148/btv1b84259980/f317/full/full/0/native.jpg,3868,5639
318,154v,https://gallica.bnf.fr/iiif/ark:/12148/btv1b84259980/f318/full/full/0/native.jpg,3801,5588
319,155r,https://gallica.bnf.fr/iiif/ark:/12148/btv1b84259980/f319/full/full/0/native.jpg,3845,5639
320,155v,https://gallica.bnf.fr/iiif/ark:/12148/btv1b84259980/f320/full/full/0/native.jpg,3801,5588
321,156r,https://gallica.bnf.fr/iiif/ark:/12148/btv1b84259980/f321/full/full/0/native.jpg,3887,5652
322,156v,https://gallica.bnf.fr/iiif/ark:/12148/btv1b84259980/f322/full/full/0/native.jpg,3801,5588
323,157r,https://gallica.bnf.fr/iiif/ark:/12148/btv1b84259980/f323/full/full/0/native.jpg,3887,5722
324,157v,https://gallica.bnf.fr/iiif/ark:/12148/btv1b84259980/f324/full/full/0/native.jpg,3801,5588
325,158r,https://gallica.bnf.fr/iiif/ark:/12148/btv1b84259980/f325/full/full/0/native.jpg,3851,5709
326,158v,https://gallica.bnf.fr/iiif/ark:/12148/btv1b84259980/f326/full/full/0/native.jpg,3801,5588
327,159r,https://gallica.bnf.fr/iiif/ark:/12148/btv1b84259980/f327/full/full/0/native.jpg,3851,5709
328,159v,https://gallica.bnf.fr/iiif/ark:/12148/btv1b84259980/f328/full/full/0/native.jpg,3801,5603
329,160r,https://gallica.bnf.fr/iiif/ark:/12148/btv1b84259980/f329/full/full/0/native.jpg,3851,5709
330,160v,https://gallica.bnf.fr/iiif/ark:/12148/btv1b84259980/f330/full/full/0/native.jpg,3801,5603
331,161r,https://gallica.bnf.fr/iiif/ark:/12148/btv1b84259980/f331/full/full/0/native.jpg,3851,5709
332,161v,https://gallica.bnf.fr/iiif/ark:/12148/btv1b84259980/f332/full/full/0/native.jpg,3801,5603
333,162r,https://gallica.bnf.fr/iiif/ark:/12148/btv1b84259980/f333/full/full/0/native.jpg,3820,5709
334,162v,https://gallica.bnf.fr/iiif/ark:/12148/btv1b84259980/f334/full/full/0/native.jpg,3801,5603
335,163r,https://gallica.bnf.fr/iiif/ark:/12148/btv1b84259980/f335/full/full/0/native.jpg,3820,5709
336,163v,https://gallica.bnf.fr/iiif/ark:/12148/btv1b84259980/f336/full/full/0/native.jpg,3846,5603
337,164r,https://gallica.bnf.fr/iiif/ark:/12148/btv1b84259980/f337/full/full/0/native.jpg,3856,5669
338,164v,https://gallica.bnf.fr/iiif/ark:/12148/btv1b84259980/f338/full/full/0/native.jpg,3846,5603
339,165r,https://gallica.bnf.fr/iiif/ark:/12148/btv1b84259980/f339/full/full/0/native.jpg,3856,5669
340,165v,https://gallica.bnf.fr/iiif/ark:/12148/btv1b84259980/f340/full/full/0/native.jpg,3833,5603
341,166r,https://gallica.bnf.fr/iiif/ark:/12148/btv1b84259980/f341/full/full/0/native.jpg,3856,5657
342,166v,https://gallica.bnf.fr/iiif/ark:/12148/btv1b84259980/f342/full/full/0/native.jpg,3833,5603
343,167r,https://gallica.bnf.fr/iiif/ark:/12148/btv1b84259980/f343/full/full/0/native.jpg,3856,5657
344,167v,https://gallica.bnf.fr/iiif/ark:/12148/btv1b84259980/f344/full/full/0/native.jpg,3833,5603
345,168r,https://gallica.bnf.fr/iiif/ark:/12148/btv1b84259980/f345/full/full/0/native.jpg,3856,5657
346,168v,https://gallica.bnf.fr/iiif/ark:/12148/btv1b84259980/f346/full/full/0/native.jpg,3833,5603
347,169r,https://gallica.bnf.fr/iiif/ark:/12148/btv1b84259980/f347/full/full/0/native.jpg,3856,5657
348,169v,https://gallica.bnf.fr/iiif/ark:/12148/btv1b84259980/f348/full/full/0/native.jpg,3833,5603
349,170r,https://gallica.bnf.fr/iiif/ark:/12148/btv1b84259980/f349/full/full/0/native.jpg,3856,5657
350,170v,https://gallica.bnf.fr/iiif/ark:/12148/btv1b84259980/f350/full/full/0/native.jpg,3833,5603
351,171r,https://gallica.bnf.fr/iiif/ark:/12148/btv1b84259980/f351/full/full/0/native.jpg,3856,5657
352,171v,https://gallica.bnf.fr/iiif/ark:/12148/btv1b84259980/f352/full/full/0/native.jpg,3833,5603
353,172r,https://gallica.bnf.fr/iiif/ark:/12148/btv1b84259980/f353/full/full/0/native.jpg,3829,5657
354,172v,https://gallica.bnf.fr/iiif/ark:/12148/btv1b84259980/f354/full/full/0/native.jpg,3833,5603
355,173r,https://gallica.bnf.fr/iiif/ark:/12148/btv1b84259980/f355/full/full/0/native.jpg,3834,5696
356,173v,https://gallica.bnf.fr/iiif/ark:/12148/btv1b84259980/f356/full/full/0/native.jpg,3833,5603
357,174r,https://gallica.bnf.fr/iiif/ark:/12148/btv1b84259980/f357/full/full/0/native.jpg,3834,5696
358,174v,https://gallica.bnf.fr/iiif/ark:/12148/btv1b84259980/f358/full/full/0/native.jpg,3833,5603
359,175r,https://gallica.bnf.fr/iiif/ark:/12148/btv1b84259980/f359/full/full/0/native.jpg,3834,5696
360,175v,https://gallica.bnf.fr/iiif/ark:/12148/btv1b84259980/f360/full/full/0/native.jpg,3833,5603
361,176r,https://gallica.bnf.fr/iiif/ark:/12148/btv1b84259980/f361/full/full/0/native.jpg,3834,5696
362,176v,https://gallica.bnf.fr/iiif/ark:/12148/btv1b84259980/f362/full/full/0/native.jpg,3833,5603
363,177r,https://gallica.bnf.fr/iiif/ark:/12148/btv1b84259980/f363/full/full/0/native.jpg,3834,5696
364,177v,https://gallica.bnf.fr/iiif/ark:/12148/btv1b84259980/f364/full/full/0/native.jpg,3833,5603
365,178r,https://gallica.bnf.fr/iiif/ark:/12148/btv1b84259980/f365/full/full/0/native.jpg,3834,5696
366,178v,https://gallica.bnf.fr/iiif/ark:/12148/btv1b84259980/f366/full/full/0/native.jpg,3833,5603
367,179r,https://gallica.bnf.fr/iiif/ark:/12148/btv1b84259980/f367/full/full/0/native.jpg,3828,5696
368,179v,https://gallica.bnf.fr/iiif/ark:/12148/btv1b84259980/f368/full/full/0/native.jpg,3833,5603
369,180r,https://gallica.bnf.fr/iiif/ark:/12148/btv1b84259980/f369/full/full/0/native.jpg,3802,5696
370,180v,https://gallica.bnf.fr/iiif/ark:/12148/btv1b84259980/f370/full/full/0/native.jpg,3833,5603
371,181r,https://gallica.bnf.fr/iiif/ark:/12148/btv1b84259980/f371/full/full/0/native.jpg,3833,5696
372,181v,https://gallica.bnf.fr/iiif/ark:/12148/btv1b84259980/f372/full/full/0/native.jpg,3833,5603
373,182r,https://gallica.bnf.fr/iiif/ark:/12148/btv1b84259980/f373/full/full/0/native.jpg,3808,5680
374,182v,https://gallica.bnf.fr/iiif/ark:/12148/btv1b84259980/f374/full/full/0/native.jpg,3833,5603
375,183r,https://gallica.bnf.fr/iiif/ark:/12148/btv1b84259980/f375/full/full/0/native.jpg,3808,5680
376,183v,https://gallica.bnf.fr/iiif/ark:/12148/btv1b84259980/f376/full/full/0/native.jpg,3833,5603
377,184r,https://gallica.bnf.fr/iiif/ark:/12148/btv1b84259980/f377/full/full/0/native.jpg,3808,5680
378,184v,https://gallica.bnf.fr/iiif/ark:/12148/btv1b84259980/f378/full/full/0/native.jpg,3833,5603
379,185r,https://gallica.bnf.fr/iiif/ark:/12148/btv1b84259980/f379/full/full/0/native.jpg,3850,5649
380,185v,https://gallica.bnf.fr/iiif/ark:/12148/btv1b84259980/f380/full/full/0/native.jpg,3833,5603
381,186r,https://gallica.bnf.fr/iiif/ark:/12148/btv1b84259980/f381/full/full/0/native.jpg,3850,5649
382,186v,https://gallica.bnf.fr/iiif/ark:/12148/btv1b84259980/f382/full/full/0/native.jpg,3833,5603
383,187r,https://gallica.bnf.fr/iiif/ark:/12148/btv1b84259980/f383/full/full/0/native.jpg,3819,5696
384,187v,https://gallica.bnf.fr/iiif/ark:/12148/btv1b84259980/f384/full/full/0/native.jpg,3833,5603
385,188r,https://gallica.bnf.fr/iiif/ark:/12148/btv1b84259980/f385/full/full/0/native.jpg,3819,5696
386,188v,https://gallica.bnf.fr/iiif/ark:/12148/btv1b84259980/f386/full/full/0/native.jpg,3833,5603
387,189r,https://gallica.bnf.fr/iiif/ark:/12148/btv1b84259980/f387/full/full/0/native.jpg,3837,5671
388,189v,https://gallica.bnf.fr/iiif/ark:/12148/btv1b84259980/f388/full/full/0/native.jpg,3833,5603
389,190r,https://gallica.bnf.fr/iiif/ark:/12148/btv1b84259980/f389/full/full/0/native.jpg,3814,5647
390,190v,https://gallica.bnf.fr/iiif/ark:/12148/btv1b84259980/f390/full/full/0/native.jpg,3833,5603
391,191r,https://gallica.bnf.fr/iiif/ark:/12148/btv1b84259980/f391/full/full/0/native.jpg,3814,5647
392,191v,https://gallica.bnf.fr/iiif/ark:/12148/btv1b84259980/f392/full/full/0/native.jpg,3833,5603
393,192r,https://gallica.bnf.fr/iiif/ark:/12148/btv1b84259980/f393/full/full/0/native.jpg,3785,5647
394,192v,https://gallica.bnf.fr/iiif/ark:/12148/btv1b84259980/f394/full/full/0/native.jpg,3833,5603
395,193r,https://gallica.bnf.fr/iiif/ark:/12148/btv1b84259980/f395/full/full/0/native.jpg,3785,5703
396,193v,https://gallica.bnf.fr/iiif/ark:/12148/btv1b84259980/f396/full/full/0/native.jpg,3833,5603
397,194r,https://gallica.bnf.fr/iiif/ark:/12148/btv1b84259980/f397/full/full/0/native.jpg,3798,5658
398,194v,https://gallica.bnf.fr/iiif/ark:/12148/btv1b84259980/f398/full/full/0/native.jpg,3833,5603
399,195r,https://gallica.bnf.fr/iiif/ark:/12148/btv1b84259980/f399/full/full/0/native.jpg,3792,5648
400,195v,https://gallica.bnf.fr/iiif/ark:/12148/btv1b84259980/f400/full/full/0/native.jpg,3833,5603
401,196r,https://gallica.bnf.fr/iiif/ark:/12148/btv1b84259980/f401/full/full/0/native.jpg,3795,5648
402,196v,https://gallica.bnf.fr/iiif/ark:/12148/btv1b84259980/f402/full/full/0/native.jpg,3833,5603
403,197r,https://gallica.bnf.fr/iiif/ark:/12148/btv1b84259980/f403/full/full/0/native.jpg,3795,5656
404,197v,https://gallica.bnf.fr/iiif/ark:/12148/btv1b84259980/f404/full/full/0/native.jpg,3812,5603
405,198r,https://gallica.bnf.fr/iiif/ark:/12148/btv1b84259980/f405/full/full/0/native.jpg,3795,5656
406,198v,https://gallica.bnf.fr/iiif/ark:/12148/btv1b84259980/f406/full/full/0/native.jpg,3833,5603
407,199r,https://gallica.bnf.fr/iiif/ark:/12148/btv1b84259980/f407/full/full/0/native.jpg,3795,5656
408,199v,https://gallica.bnf.fr/iiif/ark:/12148/btv1b84259980/f408/full/full/0/native.jpg,3833,5603
409,200r,https://gallica.bnf.fr/iiif/ark:/12148/btv1b84259980/f409/full/full/0/native.jpg,3795,5656
410,200v,https://gallica.bnf.fr/iiif/ark:/12148/btv1b84259980/f410/full/full/0/native.jpg,3833,5603
411,201r,https://gallica.bnf.fr/iiif/ark:/12148/btv1b84259980/f411/full/full/0/native.jpg,3795,5656
412,201v,https://gallica.bnf.fr/iiif/ark:/12148/btv1b84259980/f412/full/full/0/native.jpg,3833,5603
413,202r,https://gallica.bnf.fr/iiif/ark:/12148/btv1b84259980/f413/full/full/0/native.jpg,3795,5656
414,202v,https://gallica.bnf.fr/iiif/ark:/12148/btv1b84259980/f414/full/full/0/native.jpg,3833,5603
415,203r,https://gallica.bnf.fr/iiif/ark:/12148/btv1b84259980/f415/full/full/0/native.jpg,3795,5652
416,203v,https://gallica.bnf.fr/iiif/ark:/12148/btv1b84259980/f416/full/full/0/native.jpg,3833,5603
417,204r,https://gallica.bnf.fr/iiif/ark:/12148/btv1b84259980/f417/full/full/0/native.jpg,3795,5652
418,204v,https://gallica.bnf.fr/iiif/ark:/12148/btv1b84259980/f418/full/full/0/native.jpg,3833,5603
419,205r,https://gallica.bnf.fr/iiif/ark:/12148/btv1b84259980/f419/full/full/0/native.jpg,3773,5632
420,205v,https://gallica.bnf.fr/iiif/ark:/12148/btv1b84259980/f420/full/full/0/native.jpg,3833,5603
421,206r,https://gallica.bnf.fr/iiif/ark:/12148/btv1b84259980/f421/full/full/0/native.jpg,3773,5654
422,206v,https://gallica.bnf.fr/iiif/ark:/12148/btv1b84259980/f422/full/full/0/native.jpg,3833,5603
423,207r,https://gallica.bnf.fr/iiif/ark:/12148/btv1b84259980/f423/full/full/0/native.jpg,3752,5654
424,207v,https://gallica.bnf.fr/iiif/ark:/12148/btv1b84259980/f424/full/full/0/native.jpg,3833,5603
425,208r,https://gallica.bnf.fr/iiif/ark:/12148/btv1b84259980/f425/full/full/0/native.jpg,3792,5631
426,208v,https://gallica.bnf.fr/iiif/ark:/12148/btv1b84259980/f426/full/full/0/native.jpg,3833,5603
427,209r,https://gallica.bnf.fr/iiif/ark:/12148/btv1b84259980/f427/full/full/0/native.jpg,3771,5631
428,209v,https://gallica.bnf.fr/iiif/ark:/12148/btv1b84259980/f428/full/full/0/native.jpg,3833,5603
429,210r,https://gallica.bnf.fr/iiif/ark:/12148/btv1b84259980/f429/full/full/0/native.jpg,3771,5631
430,210v,https://gallica.bnf.fr/iiif/ark:/12148/btv1b84259980/f430/full/full/0/native.jpg,3833,5603
431,211r,https://gallica.bnf.fr/iiif/ark:/12148/btv1b84259980/f431/full/full/0/native.jpg,3771,5631
432,211v,https://gallica.bnf.fr/iiif/ark:/12148/btv1b84259980/f432/full/full/0/native.jpg,3833,5644
433,212r,https://gallica.bnf.fr/iiif/ark:/12148/btv1b84259980/f433/full/full/0/native.jpg,3709,5694
434,212v,https://gallica.bnf.fr/iiif/ark:/12148/btv1b84259980/f434/full/full/0/native.jpg,3848,5644
435,213r,https://gallica.bnf.fr/iiif/ark:/12148/btv1b84259980/f435/full/full/0/native.jpg,3794,5694
436,213v,https://gallica.bnf.fr/iiif/ark:/12148/btv1b84259980/f436/full/full/0/native.jpg,3801,5644
437,214r,https://gallica.bnf.fr/iiif/ark:/12148/btv1b84259980/f437/full/full/0/native.jpg,3794,5694
438,214v,https://gallica.bnf.fr/iiif/ark:/12148/btv1b84259980/f438/full/full/0/native.jpg,3801,5644
439,215r,https://gallica.bnf.fr/iiif/ark:/12148/btv1b84259980/f439/full/full/0/native.jpg,3794,5694
440,215v,https://gallica.bnf.fr/iiif/ark:/12148/btv1b84259980/f440/full/full/0/native.jpg,3832,5636
441,216r,https://gallica.bnf.fr/iiif/ark:/12148/btv1b84259980/f441/full/full/0/native.jpg,3818,5694
442,216v,https://gallica.bnf.fr/iiif/ark:/12148/btv1b84259980/f442/full/full/0/native.jpg,3832,5636
443,217r,https://gallica.bnf.fr/iiif/ark:/12148/btv1b84259980/f443/full/full/0/native.jpg,3818,5694
444,217v,https://gallica.bnf.fr/iiif/ark:/12148/btv1b84259980/f444/full/full/0/native.jpg,3832,5636
445,218r,https://gallica.bnf.fr/iiif/ark:/12148/btv1b84259980/f445/full/full/0/native.jpg,3762,5760
446,218v,https://gallica.bnf.fr/iiif/ark:/12148/btv1b84259980/f446/full/full/0/native.jpg,3832,5636
447,219r,https://gallica.bnf.fr/iiif/ark:/12148/btv1b84259980/f447/full/full/0/native.jpg,3820,5712
448,219v,https://gallica.bnf.fr/iiif/ark:/12148/btv1b84259980/f448/full/full/0/native.jpg,3832,5636
449,220r,https://gallica.bnf.fr/iiif/ark:/12148/btv1b84259980/f449/full/full/0/native.jpg,3862,5712
450,220v,https://gallica.bnf.fr/iiif/ark:/12148/btv1b84259980/f450/full/full/0/native.jpg,3832,5636
451,221r,https://gallica.bnf.fr/iiif/ark:/12148/btv1b84259980/f451/full/full/0/native.jpg,3832,5707
452,221v,https://gallica.bnf.fr/iiif/ark:/12148/btv1b84259980/f452/full/full/0/native.jpg,3855,5636
453,222r,https://gallica.bnf.fr/iiif/ark:/12148/btv1b84259980/f453/full/full/0/native.jpg,3873,5662
454,222v,https://gallica.bnf.fr/iiif/ark:/12148/btv1b84259980/f454/full/full/0/native.jpg,3855,5636
455,223r,https://gallica.bnf.fr/iiif/ark:/12148/btv1b84259980/f455/full/full/0/native.jpg,3846,5662
456,223v,https://gallica.bnf.fr/iiif/ark:/12148/btv1b84259980/f456/full/full/0/native.jpg,3855,5636
457,224r,https://gallica.bnf.fr/iiif/ark:/12148/btv1b84259980/f457/full/full/0/native.jpg,3847,5640
458,224v,https://gallica.bnf.fr/iiif/ark:/12148/btv1b84259980/f458/full/full/0/native.jpg,3855,5636
459,225r,https://gallica.bnf.fr/iiif/ark:/12148/btv1b84259980/f459/full/full/0/native.jpg,3863,5640
460,225v,https://gallica.bnf.fr/iiif/ark:/12148/btv1b84259980/f460/full/full/0/native.jpg,3855,5636
461,226r,https://gallica.bnf.fr/iiif/ark:/12148/btv1b84259980/f461/full/full/0/native.jpg,3848,5684
462,226v,https://gallica.bnf.fr/iiif/ark:/12148/btv1b84259980/f462/full/full/0/native.jpg,3855,5636
463,227r,https://gallica.bnf.fr/iiif/ark:/12148/btv1b84259980/f463/full/full/0/native.jpg,3848,5684
464,227v,https://gallica.bnf.fr/iiif/ark:/12148/btv1b84259980/f464/full/full/0/native.jpg,3860,5675
465,228r,https://gallica.bnf.fr/iiif/ark:/12148/btv1b84259980/f465/full/full/0/native.jpg,3841,5664
466,228v,https://gallica.bnf.fr/iiif/ark:/12148/btv1b84259980/f466/full/full/0/native.jpg,3860,5637
467,229r,https://gallica.bnf.fr/iiif/ark:/12148/btv1b84259980/f467/full/full/0/native.jpg,3841,5664
468,229v,https://gallica.bnf.fr/iiif/ark:/12148/btv1b84259980/f468/full/full/0/native.jpg,3860,5650
469,230r,https://gallica.bnf.fr/iiif/ark:/12148/btv1b84259980/f469/full/full/0/native.jpg,3850,5688
470,230v,https://gallica.bnf.fr/iiif/ark:/12148/btv1b84259980/f470/full/full/0/native.jpg,3860,5650
471,231r,https://gallica.bnf.fr/iiif/ark:/12148/btv1b84259980/f471/full/full/0/native.jpg,3867,5688
472,231v,https://gallica.bnf.fr/iiif/ark:/12148/btv1b84259980/f472/full/full/0/native.jpg,3860,5669
473,232r,https://gallica.bnf.fr/iiif/ark:/12148/btv1b84259980/f473/full/full/0/native.jpg,3877,5713
474,232v,https://gallica.bnf.fr/iiif/ark:/12148/btv1b84259980/f474/full/full/0/native.jpg,3860,5669
475,233r,https://gallica.bnf.fr/iiif/ark:/12148/btv1b84259980/f475/full/full/0/native.jpg,3875,5675
476,233v,https://gallica.bnf.fr/iiif/ark:/12148/btv1b84259980/f476/full/full/0/native.jpg,3860,5669
477,234r,https://gallica.bnf.fr/iiif/ark:/12148/btv1b84259980/f477/full/full/0/native.jpg,3905,5672
478,234v,https://gallica.bnf.fr/iiif/ark:/12148/btv1b84259980/f478/full/full/0/native.jpg,3860,5669
479,235r,https://gallica.bnf.fr/iiif/ark:/12148/btv1b84259980/f479/full/full/0/native.jpg,3887,5672
480,235v,https://gallica.bnf.fr/iiif/ark:/12148/btv1b84259980/f480/full/full/0/native.jpg,3872,5669
481,236r,https://gallica.bnf.fr/iiif/ark:/12148/btv1b84259980/f481/full/full/0/native.jpg,3909,5640
482,236v,https://gallica.bnf.fr/iiif/ark:/12148/btv1b84259980/f482/full/full/0/native.jpg,3860,5669
483,237r,https://gallica.bnf.fr/iiif/ark:/12148/btv1b84259980/f483/full/full/0/native.jpg,3909,5640
484,237v,https://gallica.bnf.fr/iiif/ark:/12148/btv1b84259980/f484/full/full/0/native.jpg,3889,5669
485,238r,https://gallica.bnf.fr/iiif/ark:/12148/btv1b84259980/f485/full/full/0/native.jpg,3909,5640
486,238v,https://gallica.bnf.fr/iiif/ark:/12148/btv1b84259980/f486/full/full/0/native.jpg,3873,5669
487,239r,https://gallica.bnf.fr/iiif/ark:/12148/btv1b84259980/f487/full/full/0/native.jpg,3909,5640
488,239v,https://gallica.bnf.fr/iiif/ark:/12148/btv1b84259980/f488/full/full/0/native.jpg,3873,5669
489,240r,https://gallica.bnf.fr/iiif/ark:/12148/btv1b84259980/f489/full/full/0/native.jpg,3909,5640
490,240v,https://gallica.bnf.fr/iiif/ark:/12148/btv1b84259980/f490/full/full/0/native.jpg,3873,5669
491,241r,https://gallica.bnf.fr/iiif/ark:/12148/btv1b84259980/f491/full/full/0/native.jpg,3792,5681
492,241v,https://gallica.bnf.fr/iiif/ark:/12148/btv1b84259980/f492/full/full/0/native.jpg,3859,5669
493,242r,https://gallica.bnf.fr/iiif/ark:/12148/btv1b84259980/f493/full/full/0/native.jpg,3911,5640
494,242v,https://gallica.bnf.fr/iiif/ark:/12148/btv1b84259980/f494/full/full/0/native.jpg,3859,5669
495,243r,https://gallica.bnf.fr/iiif/ark:/12148/btv1b84259980/f495/full/full/0/native.jpg,3757,5720
496,243v,https://gallica.bnf.fr/iiif/ark:/12148/btv1b84259980/f496/full/full/0/native.jpg,3859,5669
497,244r,https://gallica.bnf.fr/iiif/ark:/12148/btv1b84259980/f497/full/full/0/native.jpg,3833,5696
498,244v,https://gallica.bnf.fr/iiif/ark:/12148/btv1b84259980/f498/full/full/0/native.jpg,3859,5669
499,245r,https://gallica.bnf.fr/iiif/ark:/12148/btv1b84259980/f499/full/full/0/native.jpg,3814,5674
500,245v,https://gallica.bnf.fr/iiif/ark:/12148/btv1b84259980/f500/full/full/0/native.jpg,3836,5644
501,page de garde recto,https://gallica.bnf.fr/iiif/ark:/12148/btv1b84259980/f501/full/full/0/native.jpg,3939,5630
502,page de garde verso,https://gallica.bnf.fr/iiif/ark:/12148/btv1b84259980/f502/full/full/0/native.jpg,3876,5628
503,page de garde recto,https://gallica.bnf.fr/iiif/ark:/12148/btv1b84259980/f503/full/full/0/native.jpg,3939,5630
504,page de garde verso,https://gallica.bnf.fr/iiif/ark:/12148/btv1b84259980/f504/full/full/0/native.jpg,3888,5628
505,page de garde recto,https://gallica.bnf.fr/iiif/ark:/12148/btv1b84259980/f505/full/full/0/native.jpg,3939,5630
506,page de garde verso,https://gallica.bnf.fr/iiif/ark:/12148/btv1b84259980/f506/full/full/0/native.jpg,3951,5628
507,page de garde recto,https://gallica.bnf.fr/iiif/ark:/12148/btv1b84259980/f507/full/full/0/native.jpg,3960,5630
508,page de garde verso,https://gallica.bnf.fr/iiif/ark:/12148/btv1b84259980/f508/full/full/0/native.jpg,3951,5628
509,contreplat inf.,https://gallica.bnf.fr/iiif/ark:/12148/btv1b84259980/f509/full/full/0/native.jpg,4154,5716
510,plat inférieur.,https://gallica.bnf.fr/iiif/ark:/12148/btv1b84259980/f510/full/full/0/native.jpg,4256,5805
511,dos,https://gallica.bnf.fr/iiif/ark:/12148/btv1b84259980/f511/full/full/0/native.jpg,1173,5666
512,tranche supérieure,https://gallica.bnf.fr/iiif/ark:/12148/btv1b84259980/f512/full/full/0/native.jpg,4297,1692
513,gouttière,https://gallica.bnf.fr/iiif/ark:/12148/btv1b84259980/f513/full/full/0/native.jpg,1620,5651
514,tranche inférieure,https://gallica.bnf.fr/iiif/ark:/12148/btv1b84259980/f514/full/full/0/native.jpg,4273,1608
